timestamp,temperature,occupancy,hvac_status,energy_usage
2026-01-01 00:00:00,27.483570765056164,0.25073432403316276,0,107.57259011968922
2026-01-01 01:00:00,24.308678494144075,0.19411105630096023,0,107.11871286265561
2026-01-01 02:00:00,28.23844269050346,0.672787224589273,0,131.42776704965013
2026-01-01 03:00:00,32.61514928204013,0.735828153838211,0,148.61058167149346
2026-01-01 04:00:00,23.829233126383322,0.12842753034307783,1,145.15540991626204
2026-01-01 05:00:00,23.8293152152541,0.9425910216193208,1,182.06153931102807
2026-01-01 06:00:00,32.896064077536955,0.14677415528632518,1,182.4003266727464
2026-01-01 07:00:00,28.837173645764544,0.5871667017709634,0,119.02861855155209
2026-01-01 08:00:00,22.65262807032524,0.7381544675058248,1,171.77798456472112
2026-01-01 09:00:00,27.712800217929825,0.883872211371477,0,129.2731820640651
2026-01-01 10:00:00,22.682911535937688,0.742678238919185,0,121.94107332002982
2026-01-01 11:00:00,22.671351232148716,0.8215552747628126,1,166.3301304993967
2026-01-01 12:00:00,26.20981135783017,0.4055051732885254,0,117.38230794385888
2026-01-01 13:00:00,15.43359877671101,0.833342602371861,0,177.132669460022
2026-01-01 14:00:00,16.375410837434835,0.17210336174620763,1,195.61247992060203
2026-01-01 15:00:00,22.188562353795135,0.9053349904544749,1,175.42371218075914
2026-01-01 16:00:00,19.93584439832788,0.5928331385383626,1,179.60037246538684
2026-01-01 17:00:00,26.571236662976368,0.8355679929662443,1,176.2688255383806
2026-01-01 18:00:00,20.459879622393945,0.5070864560664702,1,178.5129121513805
2026-01-01 19:00:00,17.938481493323543,0.6792199256768725,0,148.65082202396363
2026-01-01 20:00:00,32.32824384460777,0.5737623948425019,0,140.39358177439843
2026-01-01 21:00:00,23.871118497567323,0.7584305695797987,0,123.80008159272909
2026-01-01 22:00:00,25.33764102343962,0.17346698382753062,1,157.54741226825678
2026-01-01 23:00:00,17.87625906893272,0.15431687559150742,1,187.28246030496072
2026-01-02 00:00:00,22.278086377374088,0.3223929106091318,1,166.89872690191584
2026-01-02 01:00:00,25.55461294854933,0.2435902121018695,1,161.40678756128298
2026-01-02 02:00:00,19.245032112888488,0.8846052099329815,1,193.51711712847865
2026-01-02 03:00:00,26.87849009172836,0.2972925886222399,0,117.73543589704552
2026-01-02 04:00:00,21.996806550405974,0.9782787302372181,1,185.90676133475625
2026-01-02 05:00:00,23.541531251033618,0.40320621259399614,1,158.85431237280784
2026-01-02 06:00:00,21.991466938853016,0.2639061241198294,1,169.45966916422807
2026-01-02 07:00:00,34.26139092254469,0.8107286564282312,0,170.69805696563867
2026-01-02 08:00:00,24.93251387631033,0.6928369979507885,1,168.57216702132658
2026-01-02 09:00:00,19.711445355220498,0.5483761448078251,0,128.03822462264796
2026-01-02 10:00:00,29.112724560515943,0.5998271958438681,0,127.93494525635538
2026-01-02 11:00:00,18.895781750144888,0.7472816004450374,0,143.36511221062116
2026-01-02 12:00:00,26.044317975023777,0.30560926719816883,1,160.70003936057998
2026-01-02 13:00:00,15.201649380601122,0.9967005244510677,1,229.46139653108366
2026-01-02 14:00:00,18.359069755507846,0.9773138459321048,0,159.87017950695036
2026-01-02 15:00:00,25.984306179345616,0.6852931177122432,0,126.40093861989071
2026-01-02 16:00:00,28.692332899977053,0.2795882058362306,1,166.15748525353854
2026-01-02 17:00:00,25.85684140594985,0.7122054181881622,0,126.43980404695735
2026-01-02 18:00:00,24.421758588058797,0.16497856808125827,0,99.95391909004194
2026-01-02 19:00:00,23.494481522053555,0.12758725198522547,1,156.9505457530099
2026-01-02 20:00:00,17.607390048162863,0.3319145996600923,1,196.32931068846906
2026-01-02 21:00:00,21.400778958026457,0.5163606610653847,0,120.87778640949223
2026-01-02 22:00:00,22.696806145201062,0.8814452548675424,0,124.85753896932265
2026-01-02 23:00:00,30.285611131094576,0.7544521627896772,0,133.34196295530046
2026-01-03 00:00:00,26.71809144784231,0.768435869079983,1,169.080829997262
2026-01-03 01:00:00,16.18479922318633,0.48294400100326784,1,199.41839285722767
2026-01-03 02:00:00,26.620419846973974,0.41134149329226666,1,161.80058454605145
2026-01-03 03:00:00,23.074588597918417,0.43393488668614244,0,107.84381603832395
2026-01-03 04:00:00,21.615389998470206,0.9888846073624521,1,185.4724223218493
2026-01-03 05:00:00,28.05838144420434,0.13609827227123425,0,113.27118256619697
2026-01-03 06:00:00,30.154997612479754,0.8803283465102038,1,185.1580696869075
2026-01-03 07:00:00,29.656400595580994,0.6208078677151541,1,187.06168890292696
2026-01-03 08:00:00,20.803912383886807,0.49475387727063147,1,176.20015240180618
2026-01-03 09:00:00,23.453938120743928,0.7527318943736229,1,178.9300134265734
2026-01-03 10:00:00,26.65631715701782,0.5380020472822326,1,164.2225819115221
2026-01-03 11:00:00,29.877725635611796,0.8860809142734944,0,142.75115725169016
2026-01-03 12:00:00,22.60412881077355,0.9106316776101326,1,174.72938020401006
2026-01-03 13:00:00,24.071705116680914,0.47954883418610994,0,119.26856822496403
2026-01-03 14:00:00,19.46832512996986,0.3491450175115464,1,176.63326065817552
2026-01-03 15:00:00,19.018966879596647,0.633115295734026,0,139.64609356562562
2026-01-03 16:00:00,29.062629111970992,0.9211270110550218,0,130.00831495424353
2026-01-03 17:00:00,31.781200142854114,0.28959597010509996,1,177.2048675804923
2026-01-03 18:00:00,24.63994939209833,0.6606699252071345,0,122.87105706760615
2026-01-03 19:00:00,30.01766448946012,0.6684041980832685,1,177.89886438577162
2026-01-03 20:00:00,26.80818012523817,0.7598017201737529,1,176.74484074836138
2026-01-03 21:00:00,21.77440122697438,0.21841091661453382,0,104.91888218840697
2026-01-03 22:00:00,26.80697802754207,0.7442424682138797,0,128.20072990575963
2026-01-03 23:00:00,32.690182832329846,0.9181292685990768,1,200.95071748146012
2026-01-04 00:00:00,24.820869804450243,0.2617147979832178,0,110.628987441373
2026-01-04 01:00:00,32.82321827907003,0.3137889924314899,1,193.14319656216244
2026-01-04 02:00:00,11.901274479551278,0.9742555846374756,1,261.53211357700366
2026-01-04 03:00:00,29.10951252187612,0.2628792574385408,1,169.24055714230818
2026-01-04 04:00:00,25.435235341190857,0.8689465840326213,1,177.46532373875718
2026-01-04 05:00:00,23.504963247670663,0.5430500708032313,1,164.714860288541
2026-01-04 06:00:00,25.45880388267751,0.3225079669628593,1,154.7377160898847
2026-01-04 07:00:00,15.062155426995536,0.8836749111452602,0,166.07749625459206
2026-01-04 08:00:00,23.90164056081244,0.500774729502399,0,117.37468885039664
2026-01-04 09:00:00,26.78556285755873,0.5633356185367212,1,160.67017205843803
2026-01-04 10:00:00,32.38947022370758,0.42331003245978915,1,190.4781570645307
2026-01-04 11:00:00,22.40864890863176,0.6336557662914347,1,171.0499821476995
2026-01-04 12:00:00,20.95753198553406,0.2471714853265205,1,168.98163226097668
2026-01-04 13:00:00,22.491214782077318,0.4519733829865846,1,165.19597562698192
2026-01-04 14:00:00,29.57701058851037,0.9724710901017588,1,188.00140673498532
2026-01-04 15:00:00,26.643755548298422,0.33232008943101476,1,164.97992235565286
2026-01-04 16:00:00,22.351198981164806,0.691062998087163,0,125.91525350672666
2026-01-04 17:00:00,27.56633716556678,0.39267105780222544,1,166.65395474366534
2026-01-04 18:00:00,25.4853877467402,0.7961258131179406,0,126.34791297492362
2026-01-04 19:00:00,29.843224952664446,0.21778629464651483,1,160.58414219441568
2026-01-04 20:00:00,21.489734530613237,0.9728389405706902,1,189.13009344984016
2026-01-04 21:00:00,23.361689267011158,0.5084105872452753,1,169.65669261633948
2026-01-04 22:00:00,23.039459234339212,0.3124454170118176,0,106.21180691438093
2026-01-04 23:00:00,17.682425259339407,0.1661470725970114,0,130.5374598521163
2026-01-05 00:00:00,26.48060138532288,0.2527821145787867,1,158.48301723033543
2026-01-05 01:00:00,26.305276360899448,0.5677965537004159,0,117.21328587816527
2026-01-05 02:00:00,25.025567283212304,0.40330285878815764,1,163.76871243947284
2026-01-05 03:00:00,23.827064333124266,0.8459950292943486,0,133.224573827301
2026-01-05 04:00:00,17.92314628974793,0.4877987712956253,0,145.08372599538714
2026-01-05 05:00:00,22.896773386173205,0.3238428453288669,0,105.36597048726364
2026-01-05 06:00:00,23.286427417366152,0.655430487943627,1,174.2414300878163
2026-01-05 07:00:00,20.988613653891903,0.7360994951969012,1,186.77326166245533
2026-01-05 08:00:00,24.193571441669953,0.2503377171108549,0,109.7693376266168
2026-01-05 09:00:00,27.020254284072692,0.2508572946594859,0,115.02133465187144
2026-01-05 10:00:00,34.43092950605265,0.13300428424018867,1,208.52269642977674
2026-01-05 11:00:00,25.872889064159196,0.7627618135590765,0,128.38236979647155
2026-01-05 12:00:00,26.28775195361382,0.6974240748596245,1,172.9984177710155
2026-01-05 13:00:00,24.627770421169163,0.5271677881748326,1,171.10975344534702
2026-01-05 14:00:00,15.406143923504793,0.8597534040722774,0,172.53807849590478
2026-01-05 15:00:00,24.867430622753915,0.8251031376550478,0,124.88139666596791
2026-01-05 16:00:00,25.301151049705133,0.6268189279570769,1,167.09284263751292
2026-01-05 17:00:00,37.316210562426434,0.8814441524619328,1,260.10491267703077
2026-01-05 18:00:00,24.038195176094387,0.28525708903309144,1,154.9281036009268
2026-01-05 19:00:00,26.507736711668063,0.2007276574579551,0,114.82030334298504
2026-01-05 20:00:00,24.826441151473784,0.34277465036529065,1,162.79762146661145
2026-01-05 21:00:00,19.15660981190234,0.15137817048038338,0,114.6174186855798
2026-01-05 22:00:00,30.714114072575104,0.5780525752009288,1,185.5053735381854
2026-01-05 23:00:00,28.759665163433873,0.9429451230654653,1,174.85576222427494
2026-01-06 00:00:00,28.955159735215233,0.13540918660165868,0,115.01145994773887
2026-01-06 01:00:00,20.453062726026303,0.20989892260902412,0,121.06044437994134
2026-01-06 02:00:00,32.013971554680495,0.5069791254550917,0,136.84549247032604
2026-01-06 03:00:00,17.990744686038596,0.9404875157751145,0,153.3971939811794
2026-01-06 04:00:00,27.934285469001352,0.38454049447907546,0,125.61201760991993
2026-01-06 05:00:00,35.952278129049894,0.5565113278195533,0,174.14280442130925
2026-01-06 06:00:00,20.04731837434656,0.1374155731453529,1,161.09245690162018
2026-01-06 07:00:00,22.16851135198614,0.23350888086587998,1,168.42224742020508
2026-01-06 08:00:00,25.498256825438204,0.9879671106629622,0,139.5760792045907
2026-01-06 09:00:00,22.482621729419005,0.9686068267924409,1,182.24527984160915
2026-01-06 10:00:00,17.246682844669337,0.10444598284096866,0,138.2476581178432
2026-01-06 11:00:00,25.342814874030136,0.9566306068809151,1,185.46505880301
2026-01-06 12:00:00,19.688481431369475,0.6752079440339503,0,130.64993191078003
2026-01-06 13:00:00,27.36796215317591,0.88112646506802,1,176.81088715463798
2026-01-06 14:00:00,20.402878828830985,0.5092658700704732,1,181.99911019909308
2026-01-06 15:00:00,32.7496720250877,0.5640364257213253,1,205.37487241339574
2026-01-06 16:00:00,21.083733538318814,0.5399619222312282,1,176.68183346725309
2026-01-06 17:00:00,23.38969241897162,0.700177831791494,0,117.90280843899328
2026-01-06 18:00:00,29.067586086848348,0.22568612928068163,1,174.97851772387878
2026-01-06 19:00:00,18.845678417830225,0.12697623088541016,0,120.09226950588283
2026-01-06 20:00:00,26.137299673020646,0.3771369474320718,0,110.28514479023133
2026-01-06 21:00:00,31.53571377141214,0.734212686462982,0,145.09584701725072
2026-01-06 22:00:00,16.96258382719386,0.2816681069106535,1,198.52087467833633
2026-01-06 23:00:00,25.92316929266152,0.7060891899924255,0,125.87867635399046
2026-01-07 00:00:00,26.299413971242117,0.9729208414965433,1,182.10619108103546
2026-01-07 01:00:00,28.90911435888655,0.18451064421047655,1,165.49234951233132
2026-01-07 02:00:00,18.81524644560959,0.7053419064026136,1,190.50341879956815
2026-01-07 03:00:00,18.397716934578618,0.49937519737411407,1,189.56702433179095
2026-01-07 04:00:00,27.60970782808449,0.8813280289397548,1,167.19732795370385
2026-01-07 05:00:00,26.48492336616593,0.25943481050264733,0,107.40250572142321
2026-01-07 06:00:00,26.252464251729382,0.723363357003548,0,123.69184373562037
2026-01-07 07:00:00,26.732241047484877,0.8543037606832992,0,121.37437192569719
2026-01-07 08:00:00,21.599876392107547,0.950152797526621,0,136.21662078933022
2026-01-07 09:00:00,26.161268485805017,0.7149232254606812,0,121.09961290695176
2026-01-07 10:00:00,26.465362366493405,0.5474572876075846,0,126.27474055237256
2026-01-07 11:00:00,21.42824290986816,0.6560625161810925,1,183.9256984669606
2026-01-07 12:00:00,34.328872555723784,0.8820144860308464,1,217.6453383158028
2026-01-07 13:00:00,27.36916460455894,0.6135487719749467,0,120.45874506316238
2026-01-07 14:00:00,19.043482513986756,0.12734835372715317,1,171.1907630643634
2026-01-07 15:00:00,28.28276804316915,0.93785382595628,0,131.26560041051658
2026-01-07 16:00:00,20.126591648863393,0.7205740759284051,1,184.46740167645677
2026-01-07 17:00:00,28.93542301871226,0.7088620471995218,1,175.21822823965286
2026-01-07 18:00:00,30.79297789503702,0.29410763715794547,1,169.94944888624448
2026-01-07 19:00:00,20.89658840824145,0.6929969232093914,1,182.3224571614723
2026-01-07 20:00:00,29.81688064622161,0.4544779650887426,1,178.38315645374348
2026-01-07 21:00:00,27.06390463468249,0.6861096793373429,1,168.69156275235224
2026-01-07 22:00:00,29.11030079997245,0.19593372727719166,1,168.8020753052558
2026-01-07 23:00:00,34.48396491326974,0.6920607741427324,1,212.57672981652104
2026-01-08 00:00:00,23.773059419985646,0.9994723531936,1,182.00268837944088
2026-01-08 01:00:00,21.23131917821255,0.14339083497450045,0,115.50492268055154
2026-01-08 02:00:00,20.552427851872384,0.9794567657991856,0,139.10608915685725
2026-01-08 03:00:00,20.920948575172808,0.4662171646505836,0,124.57954976341554
2026-01-08 04:00:00,24.614491452929478,0.8836781053035332,1,174.00250335960033
2026-01-08 05:00:00,26.70575987408322,0.8041469356524461,1,174.59688352644906
2026-01-08 06:00:00,26.383453996650097,0.610314634888001,0,118.23711437266188
2026-01-08 07:00:00,29.13591624518012,0.7646042883261939,1,177.75813851065703
2026-01-08 08:00:00,25.065009459389536,0.8906640051712131,1,175.83816245446252
2026-01-08 09:00:00,32.26767038578659,0.46372628948592964,1,182.57821360847885
2026-01-08 10:00:00,23.67671583381022,0.39432984540691485,1,160.2496671187412
2026-01-08 11:00:00,38.600845832948096,0.7008340470072263,1,262.09214762917924
2026-01-08 12:00:00,28.12833673882503,0.8270613477471327,0,128.42418704567828
2026-01-08 13:00:00,20.714212217918586,0.7860566212989542,1,181.5581998661339
2026-01-08 14:00:00,19.64553750969444,0.8180322839727711,0,138.5672817999271
2026-01-08 15:00:00,27.412362076215928,0.4920249833316397,1,170.06770248376193
2026-01-08 16:00:00,23.882686073370746,0.8360507945575194,0,130.07830441270804
2026-01-08 17:00:00,28.57000247046046,0.2081881498335476,1,159.36927718031197
2026-01-08 18:00:00,27.366188122867726,0.5900401881647646,1,164.48462448439736
2026-01-08 19:00:00,24.635855436715637,0.10518279444830941,0,98.01156240371854
2026-01-08 20:00:00,20.766031409657977,0.39212724691024325,1,168.29104781333407
2026-01-08 21:00:00,17.425763876570677,0.4298153813842581,1,189.819381279176
2026-01-08 22:00:00,22.767425239664895,0.4565554224483299,1,162.3388773727053
2026-01-08 23:00:00,29.28199397161736,0.725920486020876,1,174.4647674458605
2026-01-09 00:00:00,26.07046872065102,0.4497022911433112,1,161.78341623787452
2026-01-09 01:00:00,18.771306106440058,0.5038242603602776,0,135.42017472121364
2026-01-09 02:00:00,25.86590462925591,0.31378971778689474,0,112.76373427626807
2026-01-09 03:00:00,26.926586898644185,0.43592661246640607,0,112.14655164746429
2026-01-09 04:00:00,20.580712818994336,0.3045426645368363,1,166.83634041948844
2026-01-09 05:00:00,25.76862552972764,0.1658763313915993,0,100.63819099998598
2026-01-09 06:00:00,25.29104359223,0.6431037340432401,1,169.17826935571236
2026-01-09 07:00:00,19.285148510846884,0.7013915186995147,1,183.12936616156915
2026-01-09 08:00:00,26.788936801741418,0.657541311408653,1,174.192025848778
2026-01-09 09:00:00,27.80392263184117,0.5171446394205151,1,160.51599778562047
2026-01-09 10:00:00,30.415256215876383,0.44180720216130687,1,176.11856764437078
2026-01-09 11:00:00,30.269010260174515,0.8770002846146427,1,191.69677979531016
2026-01-09 12:00:00,18.111653160214544,0.5671736066225963,1,191.65904187288155
2026-01-09 13:00:00,20.310874800424386,0.5312636898667579,1,190.39702658455275
2026-01-09 14:00:00,27.5751763360433,0.12307785922579212,1,158.75710248047199
2026-01-09 15:00:00,27.568929754561044,0.4071230448635408,1,160.49311840363072
2026-01-09 16:00:00,27.575238431530238,0.44217605690727135,0,116.10388696138794
2026-01-09 17:00:00,44.26365745327361,0.45894050280721044,0,290.431232655416
2026-01-09 18:00:00,27.854452553465833,0.6221551323045991,1,172.335604912648
2026-01-09 19:00:00,30.677828200902994,0.5802422920541906,1,179.36085501610657
2026-01-09 20:00:00,29.770008817466014,0.6471145835141001,1,185.36688094257556
2026-01-09 21:00:00,28.25695625652899,0.7883949353879154,1,176.20802871713144
2026-01-09 22:00:00,23.42365377679827,0.8316871648444841,0,125.60921907405947
2026-01-09 23:00:00,28.794846102466337,0.7463107686038449,1,176.4119623217953
2026-01-10 00:00:00,21.13587392731214,0.9599713263594413,1,194.95913170286298
2026-01-10 01:00:00,23.815906966299956,0.11640932440872548,1,152.58710405790072
2026-01-10 02:00:00,22.573182260854484,0.2762001871151915,1,170.39351300036745
2026-01-10 03:00:00,25.409370696931614,0.10680658748032791,1,157.3587486187543
2026-01-10 04:00:00,36.573292833367546,0.6827272427391426,0,189.8627044222895
2026-01-10 05:00:00,15.66367403704126,0.9082274940549883,1,222.673981801546
2026-01-10 06:00:00,28.43130095187257,0.31913406691866936,1,167.42992160980214
2026-01-10 07:00:00,16.936420644051744,0.9343310903166759,1,200.9022258276097
2026-01-10 08:00:00,22.640340671052833,0.15424065126060477,1,156.01679864140806
2026-01-10 09:00:00,30.444752984836832,0.9409924241249629,0,147.2782301126153
2026-01-10 10:00:00,25.321400095477316,0.41646041851567095,0,112.30097564878602
2026-01-10 11:00:00,19.61127611035347,0.19127874560429486,0,113.2315857135346
2026-01-10 12:00:00,21.42348145370016,0.5372845832676931,1,172.25225770115682
2026-01-10 13:00:00,28.39798874467338,0.33109891094845717,0,124.22665866419464
2026-01-10 14:00:00,21.34816684141432,0.3563856117657306,0,123.59396963971844
2026-01-10 15:00:00,26.082292947909874,0.37656096843365794,1,161.5724880187273
2026-01-10 16:00:00,25.22785919951907,0.8227233080493971,0,129.46490553417507
2026-01-10 17:00:00,21.741998261970913,0.5852451490077291,1,171.0321070308919
2026-01-10 18:00:00,35.719720446626624,0.38017692924040325,1,210.34215316999098
2026-01-10 19:00:00,28.169595111590056,0.6493004049798266,1,169.8798487944548
2026-01-10 20:00:00,14.874287066711965,0.7445356068008742,0,181.4155432502455
2026-01-10 21:00:00,25.93227157384714,0.3453616006601804,0,109.4254477543606
2026-01-10 22:00:00,21.69106767615806,0.4721941913728164,1,168.4234224061924
2026-01-10 23:00:00,29.26216667398112,0.2096974840032528,1,163.87476591712084
2026-01-11 00:00:00,21.037396307836495,0.2630344145812123,1,175.26282939587531
2026-01-11 01:00:00,24.426317792665504,0.7130060685684845,0,129.68453227137093
2026-01-11 02:00:00,27.524936394902287,0.26329451292606426,1,172.18038845417368
2026-01-11 03:00:00,29.328775970850607,0.5726470453003542,1,175.75333600991718
2026-01-11 04:00:00,18.998517964721117,0.7381416355501894,1,191.63126482012876
2026-01-11 05:00:00,23.327493820795258,0.19618923078526945,1,149.70110263619316
2026-01-11 06:00:00,22.62527344419522,0.6105809976660131,1,178.521765167994
2026-01-11 07:00:00,21.73335383713144,0.3309065053312274,1,159.4237859802891
2026-01-11 08:00:00,33.82727120140548,0.9666341877138218,0,169.04326188180906
2026-01-11 09:00:00,27.024908554804778,0.5351910820479323,1,162.61934715093454
2026-01-11 10:00:00,18.695580228324772,0.8253932947976423,0,141.69031903898056
2026-01-11 11:00:00,29.58930973527388,0.5952038879406356,1,174.20068640611038
2026-01-11 12:00:00,35.610780985063165,0.13907127956933726,1,207.42709864019002
2026-01-11 13:00:00,30.162326302755734,0.6698362380346201,0,130.72428005335556
2026-01-11 14:00:00,17.403150170229935,0.9562630079859913,0,154.80260993299308
2026-01-11 15:00:00,22.578829635668743,0.6414506381316981,0,126.34122166941046
2026-01-11 16:00:00,31.334555745933113,0.8372699734841111,1,189.65708348837785
2026-01-11 17:00:00,21.461652671906094,0.895785817013567,1,184.23623255259096
2026-01-11 18:00:00,27.219097140731144,0.3052717947540392,0,117.71014566414954
2026-01-11 19:00:00,28.873170267146683,0.290840355917404,1,163.6599528141097
2026-01-11 20:00:00,20.365347642109583,0.6498828899658925,1,176.64689348448837
2026-01-11 21:00:00,24.702373219691,0.46992562282603423,0,112.98943640905833
2026-01-11 22:00:00,8.793663299654636,0.8558751725800483,0,262.8975558416855
2026-01-11 23:00:00,19.878061793328552,0.9100208110582101,1,191.38828798299343
2026-01-12 00:00:00,23.7371592430342,0.41807924137244634,1,160.68368915686239
2026-01-12 01:00:00,18.761084090175753,0.31318350307703385,1,181.27692421318028
2026-01-12 02:00:00,33.16205651965818,0.8024729637194756,0,151.87231147744944
2026-01-12 03:00:00,17.849293110196836,0.3473254319933225,0,139.39286502395362
2026-01-12 04:00:00,22.799777566515083,0.8403528866623106,1,179.67411251678328
2026-01-12 05:00:00,25.653702886430455,0.4813644282838866,0,113.11555422468594
2026-01-12 06:00:00,32.20636644533058,0.7007949093623234,0,142.7967769608268
2026-01-12 07:00:00,17.8206892441028,0.18598178245120137,0,126.91730032698935
2026-01-12 08:00:00,30.815818760774796,0.6614733922089157,1,189.43016237708707
2026-01-12 09:00:00,25.051165305097935,0.5065909108635063,1,171.3439387825734
2026-01-12 10:00:00,20.092456744760245,0.6279476168579267,1,177.69388017161842
2026-01-12 11:00:00,27.310517371316354,0.2512127869703771,1,162.49756238844606
2026-01-12 12:00:00,25.99529847786735,0.7631863704497639,0,112.9557655505051
2026-01-12 13:00:00,21.998915614206027,0.8765173697889057,1,177.87568618570938
2026-01-12 14:00:00,25.349010424950094,0.2950658200816981,0,108.75758407645834
2026-01-12 15:00:00,23.0734320156912,0.18614309996814554,1,152.89170801321706
2026-01-12 16:00:00,25.56758672625624,0.12127472744170276,1,149.11678729521424
2026-01-12 17:00:00,28.310653372605234,0.6777743503989394,1,172.47454560639494
2026-01-12 18:00:00,32.93008408072676,0.6463846324799026,0,152.2956193797269
2026-01-12 19:00:00,18.810922505865754,0.592027671442663,1,185.97652516544753
2026-01-12 20:00:00,35.665166873281336,0.30875238650437786,0,154.94430764597527
2026-01-12 21:00:00,15.239561002387491,0.45181539631496326,1,200.5840458393311
2026-01-12 22:00:00,24.241074524822082,0.6350287016675558,1,166.3045190991778
2026-01-12 23:00:00,27.941586032422883,0.5470901729732525,1,173.02760231253802
2026-01-13 00:00:00,26.404959338675162,0.9890069681933986,1,166.91964020384103
2026-01-13 01:00:00,21.88650240089703,0.22279577730105982,1,159.0321560880836
2026-01-13 02:00:00,23.959388748213623,0.7256300986428345,0,119.67909956537014
2026-01-13 03:00:00,22.534995326705836,0.46388689129386296,1,173.89641964953918
2026-01-13 04:00:00,22.053176215278942,0.48537965343305334,0,116.97816575352616
2026-01-13 05:00:00,29.248010485105123,0.7458379890923587,1,183.31288113725694
2026-01-13 06:00:00,26.785077429825236,0.7231925361919327,1,173.99531250143104
2026-01-13 07:00:00,21.535452023696728,0.9921303943319695,1,175.11262577097662
2026-01-13 08:00:00,29.497999377166252,0.2155548605087127,1,170.42368109691407
2026-01-13 09:00:00,26.536497604383047,0.19369868444574972,1,158.06835550479133
2026-01-13 10:00:00,29.0643105941948,0.751904935415867,0,133.357801563891
2026-01-13 11:00:00,28.14814420961806,0.6205482253057681,1,193.20304127363053
2026-01-13 12:00:00,20.855024945389637,0.3467445999038253,0,108.5721824012929
2026-01-13 13:00:00,22.199094799015153,0.17147743209008795,1,167.69034118396016
2026-01-13 14:00:00,28.736468025616308,0.17709242463678748,0,110.85613179532835
2026-01-13 15:00:00,28.051851327167324,0.9047717871977065,0,133.23669639951274
2026-01-13 16:00:00,24.89549203017926,0.27268059224686864,1,157.95831749877786
2026-01-13 17:00:00,25.58663691654391,0.39103440590396865,0,109.78192194605492
2026-01-13 18:00:00,31.388324478942124,0.3039907620042892,1,176.67590304306043
2026-01-13 19:00:00,22.04214305582085,0.41949667524874357,0,118.60690278644176
2026-01-13 20:00:00,27.735486905850188,0.16248145847148404,0,101.03001957682504
2026-01-13 21:00:00,23.98903673783053,0.5671538118174434,1,171.2785335508603
2026-01-13 22:00:00,23.9115939838639,0.16085130723299343,0,103.33688102054415
2026-01-13 23:00:00,30.49388425993595,0.8203208570401254,0,134.05066114678795
2026-01-14 00:00:00,29.12708174494015,0.31034087371938973,1,165.57656378631174
2026-01-14 01:00:00,29.067548180003193,0.5860107231440596,0,132.1385418769583
2026-01-14 02:00:00,31.527394035771646,0.8920711788053124,1,195.3888963781919
2026-01-14 03:00:00,25.105019208163796,0.6857896321424748,0,122.37147157236402
2026-01-14 04:00:00,28.40976485647482,0.5796620078962018,0,119.54832704653406
2026-01-14 05:00:00,23.44866621703272,0.391900377803838,1,166.74993883682103
2026-01-14 06:00:00,26.62083176244221,0.39970172175237817,0,116.73213814759313
2026-01-14 07:00:00,24.349284728161578,0.7025382596783711,0,130.53090713933506
2026-01-14 08:00:00,25.48497982496359,0.9947254250990508,0,129.0815457407863
2026-01-14 09:00:00,27.97578512718457,0.6956552708644408,0,128.6405807113092
2026-01-14 10:00:00,20.908896583832636,0.6020050756330224,1,176.9190535475735
2026-01-14 11:00:00,35.4619363784273,0.7575854592153215,0,183.93297907890502
2026-01-14 12:00:00,19.96991309250149,0.5186850510553463,1,174.6172767421107
2026-01-14 13:00:00,18.92905693606134,0.1541281083407067,1,176.77704465740007
2026-01-14 14:00:00,30.790554367500338,0.6060671342901188,1,183.9737874896088
2026-01-14 15:00:00,28.95831346981468,0.9618627560548422,1,186.36906455876095
2026-01-14 16:00:00,28.120599085260775,0.2577726481218937,0,113.06101119136386
2026-01-14 17:00:00,28.1417275463214,0.7210044017385991,1,177.8265600219487
2026-01-14 18:00:00,24.938766135765427,0.2808403197931508,0,107.84593917124927
2026-01-14 19:00:00,20.51372814257084,0.5822449160257731,1,178.60423098600626
2026-01-14 20:00:00,25.37902279096863,0.18700880468204767,1,163.57268356630917
2026-01-14 21:00:00,21.61419144243944,0.5053338426323667,0,125.81911350127226
2026-01-14 22:00:00,29.875598667088756,0.7805469960057214,1,189.64791402391495
2026-01-14 23:00:00,24.264713092489306,0.41281437181508385,1,160.3770569425115
2026-01-15 00:00:00,20.872514016037442,0.6984205520384962,0,125.02448269391694
2026-01-15 01:00:00,23.393070791735035,0.8159049647107562,0,130.54476247269898
2026-01-15 02:00:00,27.06465727137812,0.9344600375315074,1,184.54543991272146
2026-01-15 03:00:00,22.181377235980126,0.31117787366990823,1,170.67100673177768
2026-01-15 04:00:00,20.888898022167844,0.4593843242283774,1,169.2122063330729
2026-01-15 05:00:00,26.218436057459563,0.2371744119973757,1,156.70978229617833
2026-01-15 06:00:00,26.224832855543614,0.9932351519425376,1,172.34974150765854
2026-01-15 07:00:00,22.46528412314435,0.9343008711318658,1,179.27906289184367
2026-01-15 08:00:00,22.644808471908387,0.5859614172525036,0,125.3351586374696
2026-01-15 09:00:00,26.16024968678818,0.8578299649387792,0,124.07551171986842
2026-01-15 10:00:00,17.75957829251338,0.568862179544838,1,196.480117613471
2026-01-15 11:00:00,17.962681128117225,0.6612271192024838,1,193.64622649836417
2026-01-15 12:00:00,21.40777889373782,0.18021198890441498,0,113.47867104637798
2026-01-15 13:00:00,23.932764241440765,0.7797433784471272,0,118.22334048650923
2026-01-15 14:00:00,26.554537827990025,0.21494213527171135,1,158.08260523564684
2026-01-15 15:00:00,32.37678108474776,0.8434608672272755,1,187.55659574846084
2026-01-15 16:00:00,29.288298116010097,0.8038252789033473,1,182.37502794217838
2026-01-15 17:00:00,24.200307350182864,0.7378702279686787,1,164.3034947875704
2026-01-15 18:00:00,24.904918960486555,0.13254434247228591,0,110.01082305894013
2026-01-15 19:00:00,19.987353176810956,0.3728155203507958,0,127.63481646136003
2026-01-15 20:00:00,24.90743432003805,0.33680131291975857,0,112.44167849997658
2026-01-15 21:00:00,23.55670680539931,0.4241227667243672,0,121.37026176031826
2026-01-15 22:00:00,26.613592801690448,0.1788784720874547,1,151.92361242333305
2026-01-15 23:00:00,20.863845282238387,0.9432620407279565,1,195.58856513604732
2026-01-16 00:00:00,27.596732571205862,0.5984220166411387,1,175.98512834371678
2026-01-16 01:00:00,32.66369456501289,0.3749718795922212,1,189.43248714457596
2026-01-16 02:00:00,24.456199257715713,0.4572833653668551,0,119.54446132057485
2026-01-16 03:00:00,27.008558610494706,0.5024822864543521,1,161.56015487746862
2026-01-16 04:00:00,28.450719958555563,0.6405349000245556,1,171.04721030928516
2026-01-16 05:00:00,22.993897640570818,0.564111484926848,1,165.89261926986057
2026-01-16 06:00:00,26.120462409052084,0.9274527758929756,0,125.8064127415186
2026-01-16 07:00:00,25.062962003908975,0.5472671346152472,1,161.13720793162426
2026-01-16 08:00:00,25.48838049274416,0.9929422133409814,1,186.0229394885526
2026-01-16 09:00:00,21.13495108072267,0.8662824619705861,0,132.16350343147187
2026-01-16 10:00:00,25.122550871294713,0.28765946292160227,0,110.39981808746002
2026-01-16 11:00:00,27.489991456227248,0.9375356931795247,1,178.3743426893597
2026-01-16 12:00:00,32.25571803897521,0.2047297580969285,1,173.3615983707204
2026-01-16 13:00:00,29.796354130426035,0.8357047376420724,0,137.92393539344673
2026-01-16 14:00:00,35.76591228755778,0.4425609641289221,1,211.66798773846259
2026-01-16 15:00:00,21.163262185559752,0.8901768884005625,0,133.7224149499674
2026-01-16 16:00:00,29.361603183603393,0.8812510210967053,1,179.10774660434672
2026-01-16 17:00:00,25.91671002869176,0.825332860105859,0,135.11654443768182
2026-01-16 18:00:00,35.94901466608836,0.8110273926763553,1,238.82809647027327
2026-01-16 19:00:00,20.958508573224243,0.3742112251882367,0,119.92193218835547
2026-01-16 20:00:00,20.801390789096118,0.17282735474612698,0,120.31751368360061
2026-01-16 21:00:00,22.00303677277989,0.46268216088864533,0,114.13977923198547
2026-01-16 22:00:00,14.380521378450965,0.2561720634878578,0,166.78922189475472
2026-01-16 23:00:00,22.371224891596196,0.7254559800122156,1,176.21796085424177
2026-01-17 00:00:00,21.20433669223151,0.411489753884007,0,120.86832299615857
2026-01-17 01:00:00,25.75196893238104,0.9780491807739234,1,185.98597156138467
2026-01-17 02:00:00,26.708779878885796,0.6768748696107988,0,125.42867093946545
2026-01-17 03:00:00,34.38085419607943,0.8402325072709248,0,170.6508062563034
2026-01-17 04:00:00,29.75211919093025,0.21927220546766357,0,109.59504738529222
2026-01-17 05:00:00,22.115481721687985,0.8758130340453603,0,125.63438239392154
2026-01-17 06:00:00,20.50792664325821,0.9304814714620548,0,137.39026099705777
2026-01-17 07:00:00,27.459595857532527,0.5383557269370424,1,169.6423395706901
2026-01-17 08:00:00,18.398833964896788,0.6456276439758797,1,185.5055072074069
2026-01-17 09:00:00,34.157293829271765,0.7883288208126958,1,227.63626314008238
2026-01-17 10:00:00,30.897200603606436,0.25735476453437134,1,182.69110069188704
2026-01-17 11:00:00,22.654121739476476,0.5523094688170982,1,172.33144807307377
2026-01-17 12:00:00,16.434327354545612,0.45879672499508184,0,150.80945999081396
2026-01-17 13:00:00,31.769361870827062,0.23173659294602422,1,178.80318300797862
2026-01-17 14:00:00,24.42730077373691,0.4307809800623783,1,158.32782930364135
2026-01-17 15:00:00,31.189081559867308,0.16135507844694422,1,174.3804202233474
2026-01-17 16:00:00,17.027861706028165,0.1232307162545383,1,186.76317867745598
2026-01-17 17:00:00,22.003124885231134,0.2216496602393405,0,104.93131715653254
2026-01-17 18:00:00,25.026218498590914,0.9668036004302565,1,180.67533380396634
2026-01-17 19:00:00,25.23490296882371,0.5945765823055152,1,167.0885919274228
2026-01-17 20:00:00,22.74967264260378,0.9692399450378979,1,172.0701471694729
2026-01-17 21:00:00,28.114249661737492,0.4892480904971188,1,165.22479313883207
2026-01-17 22:00:00,19.661897853087027,0.3806345197767337,0,123.59867519163224
2026-01-17 23:00:00,24.288102574893532,0.5555276765562197,0,126.35766755532416
2026-01-18 00:00:00,25.601478158559495,0.4955605197696191,1,167.83046920336943
2026-01-18 01:00:00,27.572194170293745,0.19509821583556952,1,152.4836300544142
2026-01-18 02:00:00,28.55807439044445,0.6767436832211856,0,129.06243862769207
2026-01-18 03:00:00,19.376789540810655,0.29443436425863967,0,116.90675891723558
2026-01-18 04:00:00,17.32942914632189,0.6576291594080467,0,154.56115866232483
2026-01-18 05:00:00,31.388384109492545,0.6851809831583381,0,138.60553200086918
2026-01-18 06:00:00,26.661570059897958,0.2368223678157833,1,158.0168976227523
2026-01-18 07:00:00,21.25756731721723,0.15521466439960135,1,168.28832436227933
2026-01-18 08:00:00,32.75575987761262,0.8026854274615959,0,147.7206506205195
2026-01-18 09:00:00,25.578373171464293,0.5138203813923882,0,108.59627827894153
2026-01-18 10:00:00,30.896485920319133,0.15234741595492823,0,119.0366989511787
2026-01-18 11:00:00,25.337592407050543,0.9953796854527904,0,135.1102691353294
2026-01-18 12:00:00,35.303739624409936,0.15200250489672998,1,200.0468698933354
2026-01-18 13:00:00,33.77670421221602,0.7255317059726979,1,196.1204416029933
2026-01-18 14:00:00,23.75517925760463,0.9853110327370722,1,178.07832603041606
2026-01-18 15:00:00,29.85785475477178,0.31526209379433306,0,124.01594322261398
2026-01-18 16:00:00,28.226879747925736,0.22802443181847656,1,168.04841815703506
2026-01-18 17:00:00,31.843157787661745,0.209246445480186,1,177.37599080739636
2026-01-18 18:00:00,20.17538269709948,0.372947632810836,1,170.7697620084686
2026-01-18 19:00:00,28.430257299992196,0.190941229909582,1,167.3810731406411
2026-01-18 20:00:00,30.29212243424794,0.7229452075247187,0,126.34292765679963
2026-01-18 21:00:00,16.20630256788443,0.15606261831705642,0,141.40383193739464
2026-01-18 22:00:00,19.083707436671126,0.5584799153348108,0,135.20777575711986
2026-01-18 23:00:00,14.803839111199498,0.9970271684676791,0,184.13775709560807
2026-01-19 00:00:00,23.652965827777212,0.8325732425554169,0,123.33541434127606
2026-01-19 01:00:00,28.58771127897981,0.6536974944079098,1,176.21896600142597
2026-01-19 02:00:00,32.51178526048014,0.37562825870795047,1,177.04066989395687
2026-01-19 03:00:00,25.370473902098876,0.6615062526624746,1,166.6225709742732
2026-01-19 04:00:00,33.14307772785646,0.5743373175204864,0,152.65252052934287
2026-01-19 05:00:00,18.099492708925542,0.48347504550133436,1,183.4012816308525
2026-01-19 06:00:00,16.483087803224226,0.21763933906617955,1,193.09299796372736
2026-01-19 07:00:00,24.722261505516904,0.8979437937164201,1,179.21124565116494
2026-01-19 08:00:00,26.920327244696537,0.5048061839391903,1,165.27526787724878
2026-01-19 09:00:00,24.836526259529535,0.2751602606386886,1,159.1204885060552
2026-01-19 10:00:00,14.662789499800617,0.4309834157895607,1,211.54480010997995
2026-01-19 11:00:00,24.55439980243606,0.47271677727603434,0,113.24772668783531
2026-01-19 12:00:00,18.477652497475734,0.8447841060101868,0,149.66511250009398
2026-01-19 13:00:00,28.348362744150194,0.7602529425052619,0,129.19821961320653
2026-01-19 14:00:00,26.83299123048424,0.7923744042772058,0,122.51850420601257
2026-01-19 15:00:00,20.300601068363225,0.10992813798578249,0,115.46110132036186
2026-01-19 16:00:00,22.430665413316532,0.47453859836178536,1,171.1099470132006
2026-01-19 17:00:00,19.70393239055524,0.5332097364717913,1,169.77075176317132
2026-01-19 18:00:00,24.68660451363414,0.11727304914075103,1,159.36267016443927
2026-01-19 19:00:00,29.775711602506192,0.3338318878705308,0,119.7373935978667
2026-01-19 20:00:00,20.07136976832228,0.7842608408099215,1,187.8009728708026
2026-01-19 21:00:00,27.520232577589223,0.22339873515609915,1,165.86398279548015
2026-01-19 22:00:00,22.348711908137794,0.5817791183073325,0,114.10966933609282
2026-01-19 23:00:00,21.03563583868828,0.29368168481551377,1,163.12133713407408
2026-01-20 00:00:00,24.464848200227213,0.11090869717950395,0,102.02771116040662
2026-01-20 01:00:00,19.82378838790313,0.3170813118395873,0,118.99025507616874
2026-01-20 02:00:00,22.23175347326409,0.9782863794190484,1,191.8548686781482
2026-01-20 03:00:00,19.010610537055758,0.8213834006946906,0,138.2940346211205
2026-01-20 04:00:00,34.82362566458195,0.9636189798889301,1,224.38264609815013
2026-01-20 05:00:00,25.176317759858645,0.5390686395337262,1,167.20954832024745
2026-01-20 06:00:00,21.50137246003707,0.19876257880975318,1,156.07232706560566
2026-01-20 07:00:00,26.06989955367111,0.5931635400763237,0,116.38884517098121
2026-01-20 08:00:00,24.43835975154585,0.5089396011039649,0,117.01317422371164
2026-01-20 09:00:00,23.895152002333884,0.8599213744656543,0,124.74368376103048
2026-01-20 10:00:00,28.070833500217127,0.18827432270582012,1,159.89630457970273
2026-01-20 11:00:00,28.787538550236526,0.5394170233196004,1,170.70857427211007
2026-01-20 12:00:00,22.34749426194736,0.23504379822458585,0,102.99685574603484
2026-01-20 13:00:00,22.1209087967766,0.39220833420105394,1,167.518799160967
2026-01-20 14:00:00,23.62474151424178,0.7636213696490197,1,182.6289743990318
2026-01-20 15:00:00,13.490394176322075,0.5284163164318899,0,182.1800107550943
2026-01-20 16:00:00,17.42404468900724,0.4382994566311924,1,192.97285372225323
2026-01-20 17:00:00,31.834371337222624,0.4550286507130318,1,190.46878908450032
2026-01-20 18:00:00,33.22483856750642,0.513502091565388,0,142.88239499499866
2026-01-20 19:00:00,23.75481980221811,0.8065148894533511,0,133.48325683672263
2026-01-20 20:00:00,27.882784815278832,0.9028762200462109,1,182.25315472910142
2026-01-20 21:00:00,26.556250772717682,0.9598012178535354,1,188.16427926484383
2026-01-20 22:00:00,40.39440404227619,0.8082130476297655,1,289.0750643596978
2026-01-20 23:00:00,30.597874557172883,0.38386620617321143,1,186.2743955769072
2026-01-21 00:00:00,24.360412042596167,0.719321235477888,0,125.65995091213856
2026-01-21 01:00:00,20.22229779699787,0.4938428116498528,0,128.99370394904307
2026-01-21 02:00:00,16.96776839871214,0.32920355984144606,1,193.3046013153728
2026-01-21 03:00:00,26.017318179336115,0.8567844214833303,0,124.97835769313153
2026-01-21 04:00:00,21.218246273578483,0.1345837140660925,0,117.19100033800365
2026-01-21 05:00:00,17.88873145201163,0.9115857929218811,1,203.33444331770102
2026-01-21 06:00:00,21.767135578787368,0.5153297181622608,1,160.8502492099033
2026-01-21 07:00:00,19.592259981928024,0.6734813291274524,1,179.2403336168171
2026-01-21 08:00:00,33.43570817536282,0.6934185299852045,1,205.45391334853394
2026-01-21 09:00:00,29.408198784747253,0.9056059666358828,0,138.4342821778278
2026-01-21 10:00:00,24.960136793416915,0.6730027139504866,1,169.90793351163467
2026-01-21 11:00:00,32.39972069445013,0.6525402262840556,0,153.04899391542673
2026-01-21 12:00:00,25.38684153823809,0.15998683650462098,1,145.11891896279872
2026-01-21 13:00:00,20.69357899335868,0.5665672197506837,1,176.98758721826712
2026-01-21 14:00:00,32.61562038634828,0.2351521007353375,1,176.96350382960617
2026-01-21 15:00:00,27.694550218423295,0.7636903918493371,1,180.33957367270347
2026-01-21 16:00:00,19.81376922836772,0.560999728731407,1,179.80619309804496
2026-01-21 17:00:00,24.04830660958196,0.712205001287518,0,123.91706005342883
2026-01-21 18:00:00,20.621908733076214,0.13750561054214586,1,159.38959508407268
2026-01-21 19:00:00,18.086001345178317,0.1763128144412229,1,185.58839779096346
2026-01-21 20:00:00,29.630887737658206,0.744691049256414,0,138.27191541738327
2026-01-21 21:00:00,34.54708320235065,0.16487590239880603,1,203.4373974233266
2026-01-21 22:00:00,18.007162130904295,0.16413105498873276,1,178.72623614707427
2026-01-21 23:00:00,27.814846183452854,0.11089762771139872,0,110.18789477606717
2026-01-22 00:00:00,21.746787154390866,0.9608512584695321,1,180.58277182356736
2026-01-22 01:00:00,22.56437308117652,0.7637575235131062,1,180.15664324434553
2026-01-22 02:00:00,22.038030378805654,0.4179262676518578,1,175.17182451961443
2026-01-22 03:00:00,20.68004615160092,0.36688202315888974,1,175.69051412081163
2026-01-22 04:00:00,25.242608139724133,0.4147329067712646,1,158.82340420883108
2026-01-22 05:00:00,20.84524941794481,0.7971881780630636,1,184.35370812780138
2026-01-22 06:00:00,26.352284128899193,0.6952335499633729,1,165.30563496274428
2026-01-22 07:00:00,24.748809452754315,0.26667601108072114,0,110.8937802338128
2026-01-22 08:00:00,23.80525976566795,0.25669840180067593,1,160.6676712320989
2026-01-22 09:00:00,20.46218168979201,0.1885560847420576,1,156.60349835283037
2026-01-22 10:00:00,22.116143347158335,0.6942724477312043,0,119.17756880944388
2026-01-22 11:00:00,28.77695612912878,0.7879353959995623,1,179.3550661969498
2026-01-22 12:00:00,27.504585938121902,0.33854178549250363,1,161.78843018978995
2026-01-22 13:00:00,20.112223776007244,0.11885046492782153,0,109.46330747865505
2026-01-22 14:00:00,25.49666152714613,0.1739545007287846,1,157.28686500489803
2026-01-22 15:00:00,28.756935616858947,0.9710740313605274,1,187.44687160013004
2026-01-22 16:00:00,16.652973594393142,0.3659002997296783,1,194.84208823994683
2026-01-22 17:00:00,27.716800961899676,0.7923008330543202,0,123.68057122412729
2026-01-22 18:00:00,21.686881205270765,0.6621972119688374,0,130.59783006514198
2026-01-22 19:00:00,27.852993342965796,0.44374567568760637,0,125.65919134357324
2026-01-22 20:00:00,21.183704217287417,0.2851185359759996,1,163.41780541062224
2026-01-22 21:00:00,15.975589496677404,0.2092477763434658,0,143.93659117076947
2026-01-22 22:00:00,16.862287810584185,0.65351167123498,1,205.17256830299274
2026-01-22 23:00:00,25.24042473330691,0.7971704025740092,0,122.15386720467819
2026-01-23 00:00:00,26.29861250860741,0.6795138281870176,0,120.53162606605017
2026-01-23 01:00:00,20.478416874477958,0.5772719199242425,1,181.23878033685347
2026-01-23 02:00:00,28.19296229388687,0.13775610108847264,1,149.68340670020936
2026-01-23 03:00:00,16.6923996886552,0.9716398998349454,0,170.2488200858398
2026-01-23 04:00:00,24.66960100676342,0.8188427724891171,1,174.9832675436861
2026-01-23 05:00:00,18.944919001187717,0.36353983303086823,0,127.18073221920393
2026-01-23 06:00:00,21.740819460989204,0.9819732964229656,1,184.3241570145151
2026-01-23 07:00:00,25.23699335658207,0.6416934306726899,1,169.09103262081533
2026-01-23 08:00:00,20.69793317358024,0.6241803923865218,0,119.32329474386174
2026-01-23 09:00:00,23.077222278850872,0.7732658614865789,0,132.52120406433727
2026-01-23 10:00:00,30.0314640460722,0.8305928092811238,0,137.7822276632454
2026-01-23 11:00:00,22.115540652384254,0.6908307465983524,1,177.09998591421137
2026-01-23 12:00:00,29.17846056032571,0.21528617172958003,1,169.94610033185634
2026-01-23 13:00:00,19.351465726711908,0.40444075539504853,0,122.98038009230508
2026-01-23 14:00:00,27.649020889576413,0.9352752762934448,1,183.93427362068562
2026-01-23 15:00:00,32.207843103289505,0.30215405065946677,0,133.70291716610907
2026-01-23 16:00:00,12.641777499363553,0.434950321453762,0,193.64519520731383
2026-01-23 17:00:00,21.015523722647615,0.4888691946497764,1,161.9679643401278
2026-01-23 18:00:00,27.8853606359027,0.495464490725007,1,168.53111622015228
2026-01-23 19:00:00,23.984773069785035,0.651645624245073,1,167.05060830834927
2026-01-23 20:00:00,26.855729366856544,0.9487682539702368,1,182.34622811378478
2026-01-23 21:00:00,21.980074066420897,0.31662344064925446,0,116.40890047847046
2026-01-23 22:00:00,25.4329489373645,0.20935123867082628,1,152.8361300771972
2026-01-23 23:00:00,24.221613823039604,0.27772344087394363,0,105.07377642557961
2026-01-24 00:00:00,30.838910308299035,0.8982324101883425,1,193.44008225704397
2026-01-24 01:00:00,26.272104216506065,0.6812297313896855,0,116.76280537394076
2026-01-24 02:00:00,26.68801331037601,0.35731611031524413,1,166.35409625472124
2026-01-24 03:00:00,22.940615169387662,0.8343522450717555,0,125.30506429019356
2026-01-24 04:00:00,22.561968879637533,0.8752329967270924,0,114.69404667713249
2026-01-24 05:00:00,22.837209060901895,0.8618629048212503,1,176.32060918465092
2026-01-24 06:00:00,26.972260711891483,0.927033880275599,0,124.56320346188346
2026-01-24 07:00:00,22.895077595898684,0.3270169181560254,1,153.8694776310199
2026-01-24 08:00:00,26.448874284482066,0.7795377358716504,0,118.24861723115336
2026-01-24 09:00:00,35.37700399322719,0.514485547546726,0,169.82271472329316
2026-01-24 10:00:00,29.355623517158463,0.8577986976010554,0,141.86289318088473
2026-01-24 11:00:00,23.369882339160796,0.7556416094454519,0,125.56381244677839
2026-01-24 12:00:00,31.006069610819722,0.7988027018497522,1,188.96800019941992
2026-01-24 13:00:00,22.959623134892244,0.6905456539129643,0,125.07745946907592
2026-01-24 14:00:00,14.80937732411073,0.2596858925227362,1,207.4195204857614
2026-01-24 15:00:00,19.95956844541298,0.5905242270072445,1,176.9457000926399
2026-01-24 16:00:00,15.646040394870722,0.9862027655720573,1,217.56254977319196
2026-01-24 17:00:00,23.24243257979346,0.943649259847407,1,171.09485537994934
2026-01-24 18:00:00,25.092091895947757,0.1388563622173105,1,152.22031279237174
2026-01-24 19:00:00,33.382186561376415,0.24833333415649342,1,193.37079324915516
2026-01-24 20:00:00,26.634636868820813,0.21855589610910572,0,107.40957737965287
2026-01-24 21:00:00,23.90449735595568,0.753381918986766,0,121.12168595142023
2026-01-24 22:00:00,29.147027905917447,0.8360067968712506,1,178.95039382888265
2026-01-24 23:00:00,13.944323454960575,0.29216022967960475,1,222.92002978308042
2026-01-25 00:00:00,26.178072790542828,0.5552674236566462,1,160.76629085987514
2026-01-25 01:00:00,28.854325969434832,0.85663272521008,1,187.00703566484964
2026-01-25 02:00:00,17.607068771100792,0.7595213902896255,1,195.10227269167171
2026-01-25 03:00:00,30.718770216034645,0.5880134849426635,1,180.2303947534172
2026-01-25 04:00:00,26.69248203747207,0.6313129214128956,1,163.03770941289127
2026-01-25 05:00:00,22.923560430495993,0.557524492224652,0,116.37452467521238
2026-01-25 06:00:00,28.163909330531425,0.36779360618693857,1,170.91553160390998
2026-01-25 07:00:00,36.35346428902198,0.6085197935731145,0,185.28430993046192
2026-01-25 08:00:00,25.909331275292477,0.7199967718450816,0,126.90545539960516
2026-01-25 09:00:00,26.24110293150168,0.8859906242747269,1,179.9605997012025
2026-01-25 10:00:00,22.70319550229878,0.6726622185813232,0,117.29917286511812
2026-01-25 11:00:00,20.75077815267604,0.7850093833388422,0,130.92427853241512
2026-01-25 12:00:00,29.151679082721227,0.2440644714591157,0,112.03915810113864
2026-01-25 13:00:00,20.719580870455665,0.515401726977811,1,181.27592029181406
2026-01-25 14:00:00,25.357831186096963,0.10839845784438397,1,147.33203208207172
2026-01-25 15:00:00,22.611712766174417,0.3220109780694607,1,166.9807757446565
2026-01-25 16:00:00,27.39489912873196,0.7538155436017043,1,179.9470065769955
2026-01-25 17:00:00,26.66831052643474,0.9926289562144271,1,190.31859970131973
2026-01-25 18:00:00,30.187699721289498,0.18926028962849434,0,117.0854899248409
2026-01-25 19:00:00,22.449918005726264,0.4613448842751594,1,170.65341641491514
2026-01-25 20:00:00,23.650625323533145,0.8200638718292436,1,186.92058134631654
2026-01-25 21:00:00,20.106181421088465,0.28363207116600897,1,167.39548389196162
2026-01-25 22:00:00,22.77853369961944,0.5995764543720576,0,112.77954865536319
2026-01-25 23:00:00,26.88650246522426,0.7597641664267073,1,165.17232059891103
2026-01-26 00:00:00,28.78494308322676,0.6543869052341611,1,180.35806437296452
2026-01-26 01:00:00,20.389173379111874,0.26922226115387454,0,109.29077785826863
2026-01-26 02:00:00,29.3480296005283,0.41984611181716547,1,170.1864687933605
2026-01-26 03:00:00,31.778189294024756,0.8054126060368575,0,149.32086916911643
2026-01-26 04:00:00,27.067174516118506,0.598803862718815,0,121.02659880575891
2026-01-26 05:00:00,34.38397906279033,0.10470665218862146,1,199.29795541202316
2026-01-26 06:00:00,21.131054004482134,0.7848916840252844,0,132.14257135787966
2026-01-26 07:00:00,18.776726483442914,0.13178021944621518,1,179.71230228089382
2026-01-26 08:00:00,16.106398755478608,0.771160404458109,1,207.92130177832553
2026-01-26 09:00:00,32.480221557445915,0.2822325041487137,0,133.05885670640802
2026-01-26 10:00:00,28.27182828177029,0.9622661321074422,1,180.35711688956508
2026-01-26 11:00:00,24.722076645447725,0.4311466761718761,0,117.12398003997214
2026-01-26 12:00:00,26.399843131599102,0.3942384547042712,0,117.30892697964605
2026-01-26 13:00:00,19.372554763508116,0.23399924529920021,0,125.11017390042613
2026-01-26 14:00:00,37.228759898084135,0.37504379394119336,0,191.94006647518083
2026-01-26 15:00:00,25.646105909876137,0.8889856856453805,0,120.98809265586794
2026-01-26 16:00:00,25.546973973024464,0.9967009038645226,1,188.38673793727446
2026-01-26 17:00:00,28.62883311949346,0.43147857745616347,1,177.1447653368125
2026-01-26 18:00:00,27.405046158683568,0.5037495678590883,0,121.68272053470068
2026-01-26 19:00:00,26.119420121395656,0.7498638443824633,1,182.03146057942192
2026-01-26 20:00:00,21.04762772277344,0.8975762024185671,1,176.45479334306268
2026-01-26 21:00:00,27.357341785679978,0.6337399007681057,1,169.16848648898636
2026-01-26 22:00:00,34.41012248237517,0.4523731283600464,1,204.16987911404297
2026-01-26 23:00:00,31.727100230774887,0.47135965676376135,0,140.37512507914533
2026-01-27 00:00:00,32.965933133196984,0.7260563318471261,0,148.2590315986858
2026-01-27 01:00:00,22.443921617844076,0.10289643724385082,1,160.14113721186536
2026-01-27 02:00:00,20.051975898707095,0.6576304037138566,1,188.823064084887
2026-01-27 03:00:00,24.37106539950176,0.4199437093972217,0,116.27210514818859
2026-01-27 04:00:00,25.278624561443472,0.8147775981493758,0,125.90089888590856
2026-01-27 05:00:00,30.470957592354743,0.18369157584081897,1,165.53706905939282
2026-01-27 06:00:00,16.537676851425903,0.6293820402535515,1,200.45266291242623
2026-01-27 07:00:00,32.64775159730307,0.5328756008975114,1,201.47841480043448
2026-01-27 08:00:00,24.209960507105052,0.6780929733147046,1,174.55161541913466
2026-01-27 09:00:00,22.8655946502629,0.1583682350346715,0,106.8337925526456
2026-01-27 10:00:00,19.93947812369916,0.6219854086853182,1,179.3744553619898
2026-01-27 11:00:00,16.725716640671152,0.6053361291635714,1,192.2629270645834
2026-01-27 12:00:00,29.115852919809573,0.6045940849745538,0,121.25368308456692
2026-01-27 13:00:00,25.36658983594202,0.6431388999368093,1,178.9184564877109
2026-01-27 14:00:00,18.55019550129473,0.708821143503726,1,185.66234548585882
2026-01-27 15:00:00,18.52460613968192,0.8244900997126928,0,146.6474649206087
2026-01-27 16:00:00,23.32107650354936,0.3428386481153929,1,166.7317713629048
2026-01-27 17:00:00,33.34510762644696,0.8425444691620558,1,203.82213138334183
2026-01-27 18:00:00,23.702043243181976,0.5484301140371083,1,168.21880166630342
2026-01-27 19:00:00,17.48428523440947,0.16935245122089804,0,138.01313544303798
2026-01-27 20:00:00,23.77128467957028,0.15269583631958128,0,105.39824236845304
2026-01-27 21:00:00,23.636382151261646,0.4008144868264547,1,177.29617670182637
2026-01-27 22:00:00,11.515566785292142,0.8064072794003208,0,206.76419164857688
2026-01-27 23:00:00,24.72852566741094,0.7369128412668242,1,177.43787704405145
2026-01-28 00:00:00,23.84532734895661,0.8097534682051658,1,174.09522982470642
2026-01-28 01:00:00,28.48103182406709,0.5655421507974484,0,126.88465657819077
2026-01-28 02:00:00,34.244780474726724,0.49617909815994155,1,209.82489171623868
2026-01-28 03:00:00,30.632825147738785,0.23270727403565555,1,169.17979680801892
2026-01-28 04:00:00,23.655556547225846,0.39537347824838043,0,113.90995040860176
2026-01-28 05:00:00,19.467370456291647,0.4906174295564878,1,170.73401046366047
2026-01-28 06:00:00,37.8667990162493,0.17974038671165551,1,241.18570756648364
2026-01-28 07:00:00,25.29609217007244,0.29855075744009013,1,160.49115033974445
2026-01-28 08:00:00,25.06964645956473,0.6384027646573649,1,172.3478090976014
2026-01-28 09:00:00,24.879374564449982,0.7620968028152708,1,178.16077095774472
2026-01-28 10:00:00,25.990423803839274,0.9985127602536547,1,182.28395166426392
2026-01-28 11:00:00,24.278197940380288,0.9398019982092018,1,179.19500615190307
2026-01-28 12:00:00,22.131689965598817,0.6783086795816724,1,170.057519930867
2026-01-28 13:00:00,22.26570529379804,0.47912324796466477,1,164.55077739087673
2026-01-28 14:00:00,24.836233648920008,0.6725596282374094,0,126.12387165688196
2026-01-28 15:00:00,22.282876144331176,0.8070864562722088,1,185.08565174021845
2026-01-28 16:00:00,21.435771086614178,0.2065025718310486,0,111.35638884687893
2026-01-28 17:00:00,25.532151138459483,0.46891440072665946,0,114.43903817514803
2026-01-28 18:00:00,23.725113912895722,0.8558220570720555,0,121.96425710473886
2026-01-28 19:00:00,32.51996494291345,0.4454496567397396,1,197.50221029985306
2026-01-28 20:00:00,11.745150958034941,0.6146850441044679,1,259.613147004234
2026-01-28 21:00:00,30.45753425961231,0.6289924247759784,1,193.46820002301914
2026-01-28 22:00:00,31.230425962488145,0.2660286278202754,1,172.99834728573273
2026-01-28 23:00:00,14.633048837959253,0.4260118974870596,1,214.6271556275897
2026-01-29 00:00:00,23.286562029598258,0.4010601598677389,1,164.65696924786724
2026-01-29 01:00:00,23.142795670021044,0.12357703767885832,1,158.66436278064091
2026-01-29 02:00:00,17.962441526410892,0.12177258750221973,0,127.33845407192136
2026-01-29 03:00:00,21.110916562045624,0.8485273393081961,0,128.6534997206629
2026-01-29 04:00:00,19.447120772670857,0.3457637289755312,1,180.19718337053556
2026-01-29 05:00:00,33.761352217118116,0.5662708896149339,1,208.9744498373762
2026-01-29 06:00:00,29.678391965737305,0.36885301622989575,0,117.42789567661592
2026-01-29 07:00:00,31.357775474970794,0.9466113206038065,0,155.3862081187117
2026-01-29 08:00:00,28.608360320216175,0.33336708297919637,1,172.3621381356142
2026-01-29 09:00:00,19.354741143913856,0.4866911314650416,0,131.20669020629975
2026-01-29 10:00:00,22.37739866860113,0.8854572254361417,1,180.400724946692
2026-01-29 11:00:00,27.44687280613959,0.8577402101126278,1,181.4960884236711
2026-01-29 12:00:00,18.889360955540273,0.2674912760616496,1,172.38617769640604
2026-01-29 13:00:00,28.56499215086194,0.8223789788161394,0,131.1761112781582
2026-01-29 14:00:00,23.798373009209325,0.5123681980641034,1,155.33108193137554
2026-01-29 15:00:00,23.125895962252013,0.5346719848768197,1,172.17857074597092
2026-01-29 16:00:00,28.554799841017456,0.2201319751743494,1,155.11479409787006
2026-01-29 17:00:00,27.2213165574302,0.1725413623814122,1,165.16046363774413
2026-01-29 18:00:00,23.1951691709046,0.7551453762763887,0,122.63246797928599
2026-01-29 19:00:00,30.79664901682124,0.5468150371197698,1,182.14668611604455
2026-01-29 20:00:00,19.594683362000513,0.4931656323536616,1,176.26502341870437
2026-01-29 21:00:00,28.07967803472132,0.756557405787157,1,175.9987362027768
2026-01-29 22:00:00,27.96550628984192,0.7889616090919988,0,135.15861877604613
2026-01-29 23:00:00,23.452267803430047,0.24301735090241822,1,146.0492147205468
2026-01-30 00:00:00,26.63066511121059,0.6492026345298771,1,177.19044031879696
2026-01-30 01:00:00,18.744432118073483,0.22181867404991698,0,127.91074238970135
2026-01-30 02:00:00,29.620135096034506,0.7762375774261411,0,127.92484323630305
2026-01-30 03:00:00,24.075489317785056,0.6912596406404256,1,165.78858725473134
2026-01-30 04:00:00,22.386384897404803,0.9609531589751121,0,140.62605185755123
2026-01-30 05:00:00,30.245046129184445,0.16206221472077909,0,113.88958649054608
2026-01-30 06:00:00,21.478281547286205,0.1513492490361289,0,104.9749753481965
2026-01-30 07:00:00,17.957693518182204,0.35396836722388014,1,191.10266402046653
2026-01-30 08:00:00,17.216854132380483,0.3355351153623154,1,192.0474976406204
2026-01-30 09:00:00,28.030049756728197,0.32228091916479984,1,159.5694004563863
2026-01-30 10:00:00,18.597853237518585,0.915629122468933,0,149.04574013526673
2026-01-30 11:00:00,33.77397090992182,0.3245915798645555,1,193.10026674181248
2026-01-30 12:00:00,14.59035296058139,0.3447547535157679,1,220.0271253402244
2026-01-30 13:00:00,33.48228184145019,0.7834584361761673,1,214.7851605285485
2026-01-30 14:00:00,26.05508733601309,0.504765858205486,1,168.3596113835819
2026-01-30 15:00:00,24.516434440648037,0.799039501259663,0,125.89640816912066
2026-01-30 16:00:00,22.275404565955252,0.15882954180794673,1,167.282537018184
2026-01-30 17:00:00,26.995680571760353,0.5388140743060459,0,118.15422433837335
2026-01-30 18:00:00,24.81182648787576,0.13025224016495437,1,148.01590121317722
2026-01-30 19:00:00,30.516509410082605,0.15638788310981908,0,122.15494409322106
2026-01-30 20:00:00,25.571138243310198,0.9157937080099698,0,138.0671459344704
2026-01-30 21:00:00,25.75150880730939,0.22532083400583566,0,101.96821029797759
2026-01-30 22:00:00,23.18193893893072,0.5791786140476954,1,167.22071759884912
2026-01-30 23:00:00,24.715271881394663,0.4699860423406359,0,116.22234651148861
2026-01-31 00:00:00,26.539008844460295,0.41260899363295844,1,163.29301967562358
2026-01-31 01:00:00,16.449158036716874,0.9098500111185452,1,208.9424315721916
2026-01-31 02:00:00,18.259072889471433,0.11964105709794055,0,131.91857014882007
2026-01-31 03:00:00,28.716320470113576,0.6974107175580302,1,189.4280440551198
2026-01-31 04:00:00,25.854327190639708,0.9670549907921954,0,130.35724449321856
2026-01-31 05:00:00,24.080083318236603,0.6041513651156577,1,164.02732285548302
2026-01-31 06:00:00,25.092169665326967,0.9431402158297827,1,170.55365147322937
2026-01-31 07:00:00,26.737908526808354,0.1470320913574214,0,107.21100567060515
2026-01-31 08:00:00,22.301201598453193,0.47691398716674527,0,123.46856273767945
2026-01-31 09:00:00,21.108476372988438,0.334142011865846,0,119.9720771582469
2026-01-31 10:00:00,25.979226275488408,0.7577388684826568,1,173.19958889918885
2026-01-31 11:00:00,20.10813611192484,0.983167381447522,1,188.51382933420604
2026-01-31 12:00:00,27.041263778572358,0.33087705619982305,1,156.54887242926
2026-01-31 13:00:00,16.4870819788108,0.688757141326667,1,211.07135748916835
2026-01-31 14:00:00,30.14577818662822,0.27828786948376616,0,126.15701076443032
2026-01-31 15:00:00,27.362987412065216,0.6087972291144489,1,163.32712269476912
2026-01-31 16:00:00,26.28014867156938,0.5175392380195026,1,174.2947623421489
2026-01-31 17:00:00,29.91345491972757,0.9748047966683834,0,144.18551962861903
2026-01-31 18:00:00,33.32737222231288,0.6476745454268199,0,161.10077365300768
2026-01-31 19:00:00,30.07185032509065,0.4145557348781369,0,118.58786616397961
2026-01-31 20:00:00,15.795628843341774,0.20268620639914003,1,191.61168960965793
2026-01-31 21:00:00,18.602115166321493,0.23612214586144112,1,176.80528299951348
2026-01-31 22:00:00,21.875907111521606,0.3027852369561116,0,116.47745743107997
2026-01-31 23:00:00,25.13045525105417,0.3258699952062682,1,168.76641325708667
2026-02-01 00:00:00,27.588295102345615,0.865554452057024,0,132.84666389919954
2026-02-01 01:00:00,21.371280934232672,0.6051005094542724,1,173.52340992869966
2026-02-01 02:00:00,25.93383382238539,0.5710518202369298,0,112.43573137269388
2026-02-01 03:00:00,21.22308533823339,0.20329198468229573,1,169.38130458519842
2026-02-01 04:00:00,21.942410985040258,0.8741257240144915,1,176.07466988388242
2026-02-01 05:00:00,17.96669451575889,0.7505328728876354,1,205.3920219778187
2026-02-01 06:00:00,20.38383376944548,0.16090152571000144,1,164.05961785732345
2026-02-01 07:00:00,18.24157697191833,0.7370515875067918,0,152.9025989015453
2026-02-01 08:00:00,20.120633735113337,0.5891843956083814,0,132.97429589200485
2026-02-01 09:00:00,30.268208983039198,0.17355281117210042,0,118.39861983243817
2026-02-01 10:00:00,20.253005555840286,0.5124705773757908,0,124.0441135885847
2026-02-01 11:00:00,38.161910324186955,0.5362266584170423,1,251.00020205675045
2026-02-01 12:00:00,27.466589504404446,0.2491970861469482,0,112.65952793790373
2026-02-01 13:00:00,25.92418061847437,0.9511283323002541,0,129.34668735787807
2026-02-01 14:00:00,20.708211099093933,0.8649778343325958,1,182.1900039746046
2026-02-01 15:00:00,28.501549397044958,0.7021201035961975,1,176.3658701462707
2026-02-01 16:00:00,22.12181086881113,0.5160660049005465,1,170.01685163305902
2026-02-01 17:00:00,25.610049073226808,0.4705889874260577,0,103.66007908658011
2026-02-01 18:00:00,37.800422691343975,0.6858761204358588,0,204.79253472555612
2026-02-01 19:00:00,24.51970050137675,0.590888682466215,1,162.94339815459125
2026-02-01 20:00:00,30.74636663142838,0.15604579529369705,0,115.42507657417897
2026-02-01 21:00:00,21.48411787437056,0.5612523838932986,0,114.5815633419057
2026-02-01 22:00:00,24.82505754751519,0.8257632555095555,1,165.81873760678792
2026-02-01 23:00:00,33.85400317817755,0.5133158898372623,1,197.8189253191455
2026-02-02 00:00:00,21.865164711061162,0.1467609197988416,1,155.7713189502009
2026-02-02 01:00:00,34.062242789984644,0.8076503794456298,0,175.05792926331608
2026-02-02 02:00:00,28.538759677277376,0.281227403922377,0,112.06883376495743
2026-02-02 03:00:00,22.18766612052866,0.33275875139923494,1,164.82612399812837
2026-02-02 04:00:00,28.162038695277605,0.2482357180890663,0,114.44872283042008
2026-02-02 05:00:00,29.86277224813365,0.3971935583843478,1,174.39440965121904
2026-02-02 06:00:00,28.10904981108598,0.7810763551197715,1,177.87816871387005
2026-02-02 07:00:00,17.148876400547717,0.5674472735535436,1,191.86702027554836
2026-02-02 08:00:00,21.364314120875658,0.2843931467356413,0,122.39553804929736
2026-02-02 09:00:00,23.762406822242475,0.8900470703368367,0,136.5032137651105
2026-02-02 10:00:00,24.62783285449977,0.8916236694563763,1,168.40467080517274
2026-02-02 11:00:00,28.103360487753392,0.8835205825414062,1,176.20089768028478
2026-02-02 12:00:00,25.888505004666268,0.31491659024338536,1,158.44316656707502
2026-02-02 13:00:00,18.323278206449494,0.5061154097628893,0,132.65008027257187
2026-02-02 14:00:00,26.900989255029817,0.9864906905267876,0,133.93142855695237
2026-02-02 15:00:00,28.052928726419115,0.7948112286789913,1,174.8631627526342
2026-02-02 16:00:00,27.7989522396552,0.12445067910300384,1,168.47586753205854
2026-02-02 17:00:00,30.403903627773108,0.15868413213444285,1,175.31435414488095
2026-02-02 18:00:00,29.16961077274452,0.5175382391310995,0,125.28184432518763
2026-02-02 19:00:00,27.295900396142184,0.9182981852754042,1,185.3194561893637
2026-02-02 20:00:00,24.649171442706766,0.5848316181574428,1,173.13599100481605
2026-02-02 21:00:00,16.69519533242004,0.5480312572308612,1,198.10609055996355
2026-02-02 22:00:00,27.148091095662927,0.19492632996096754,1,154.0738513537524
2026-02-02 23:00:00,26.038438435815557,0.6911020942518646,0,121.66295533489371
2026-02-03 00:00:00,26.357894185976868,0.839892844540203,1,180.42690426885068
2026-02-03 01:00:00,18.616257120898453,0.44237800675680616,0,134.34272876921113
2026-02-03 02:00:00,19.594717297958688,0.7980506658327947,1,180.66507810852235
2026-02-03 03:00:00,30.26576426666452,0.9680289885107305,1,188.89088409160814
2026-02-03 04:00:00,24.802224230716725,0.2833898132149202,0,108.15138770593352
2026-02-03 05:00:00,28.40750348686312,0.5709966680752672,1,172.557112027121
2026-02-03 06:00:00,25.141591880652307,0.35842416227611795,0,120.6254598825659
2026-02-03 07:00:00,25.148780697478728,0.8135689771304554,1,167.4881974498898
2026-02-03 08:00:00,29.691419029879988,0.6198340292930418,1,182.12767334493066
2026-02-03 09:00:00,22.41977635891313,0.6711241757952734,0,130.90806783451146
2026-02-03 10:00:00,25.480603884704916,0.8181227436543047,0,136.01642108373986
2026-02-03 11:00:00,22.688623556474788,0.4563734253962094,1,164.34044617780808
2026-02-03 12:00:00,22.82751886283842,0.9235810615663389,0,132.5244162562526
2026-02-03 13:00:00,23.454139382656802,0.579725980521526,1,171.43542372576533
2026-02-03 14:00:00,26.110668858168566,0.2421593405518132,1,158.85898153057357
2026-02-03 15:00:00,22.606256891682612,0.7263092063519222,1,174.16005321866965
2026-02-03 16:00:00,31.278780627867604,0.8139352153944289,0,146.30947649577584
2026-02-03 17:00:00,20.52696348890248,0.385085509360774,1,158.89536266953053
2026-02-03 18:00:00,24.065641779193204,0.8714613312988777,1,179.99070003167412
2026-02-03 19:00:00,22.801344708629124,0.9155289292891897,0,130.5137999421221
2026-02-03 20:00:00,32.23488942176866,0.34921403864002803,1,185.53585914791955
2026-02-03 21:00:00,25.982773882557872,0.9851693254436998,1,190.27231299402774
2026-02-03 22:00:00,30.159222697343175,0.22664037524388259,1,166.7333305837542
2026-02-03 23:00:00,17.57219813481514,0.28181410156224096,0,134.02516337576392
2026-02-04 00:00:00,26.335251329346296,0.2658023553142235,1,168.82328522671088
2026-02-04 01:00:00,29.448153978117183,0.9045907390070834,0,132.8704525524831
2026-02-04 02:00:00,25.41141994637712,0.6888632970924656,0,117.99995568422975
2026-02-04 03:00:00,30.327401875326757,0.2368938549000456,1,170.5622939004646
2026-02-04 04:00:00,22.41355774949814,0.49629107653151405,1,172.43724646418377
2026-02-04 05:00:00,32.0467372009279,0.6537682225628219,0,145.48031180312182
2026-02-04 06:00:00,36.49449061809625,0.17511767649044496,0,164.8520608437034
2026-02-04 07:00:00,23.185807197801704,0.8941747315666049,0,125.81004689313626
2026-02-04 08:00:00,22.77248739299614,0.8232431818973817,0,124.14142949804096
2026-02-04 09:00:00,32.2669223855885,0.5546860962189745,0,142.65855813953763
2026-02-04 10:00:00,32.89786072865356,0.9704139537332533,0,162.42973894975083
2026-02-04 11:00:00,22.385699864233658,0.47598488134758976,1,169.7878578198015
2026-02-04 12:00:00,22.899065914520712,0.985699287132848,1,172.89788185950778
2026-02-04 13:00:00,23.591076955697464,0.7011279989232644,1,177.3460769778856
2026-02-04 14:00:00,18.277747444828613,0.6712041459285473,1,193.99330831559368
2026-02-04 15:00:00,20.40674026757901,0.24935940576620652,0,124.9524598956958
2026-02-04 16:00:00,19.97929616623966,0.8937349824741796,1,191.63677460384665
2026-02-04 17:00:00,21.161012174479357,0.48474071912855365,1,177.41775012478328
2026-02-04 18:00:00,24.826575563066093,0.24601006520423144,1,159.72806653104047
2026-02-04 19:00:00,26.171073662682602,0.11134676797818314,1,160.75723858207365
2026-02-04 20:00:00,32.75250246407038,0.6037801152745443,1,200.77530386603388
2026-02-04 21:00:00,20.008229796306047,0.5746596599104087,1,179.20909844834114
2026-02-04 22:00:00,29.921611992382918,0.7474182601322427,0,145.89585370798537
2026-02-04 23:00:00,23.930055778872454,0.901232247716022,1,182.05454336104225
2026-02-05 00:00:00,24.752681451737836,0.17146592617872658,1,158.0432831225411
2026-02-05 01:00:00,28.37409746083302,0.7583468413063261,1,172.061149994098
2026-02-05 02:00:00,19.386389892188507,0.268670749687824,1,167.3748936245787
2026-02-05 03:00:00,26.912048730920255,0.8723593478414475,0,129.46232302065957
2026-02-05 04:00:00,25.83226104106528,0.8371571624754904,0,126.18865008334346
2026-02-05 05:00:00,27.462256320040744,0.58671437948699,1,167.56217165235842
2026-02-05 06:00:00,26.44584321953909,0.7392185187609803,1,173.92670036863328
2026-02-05 07:00:00,37.276500699554475,0.3829151018653736,1,244.78682240925994
2026-02-05 08:00:00,21.81130007874342,0.5240511090395332,0,124.28244923784834
2026-02-05 09:00:00,22.345015224990913,0.8394732079394245,0,123.00362576718408
2026-02-05 10:00:00,21.88429736787618,0.5133386774558926,1,169.6964176338737
2026-02-05 11:00:00,22.222614404198726,0.4220184387928976,1,162.4926561334063
2026-02-05 12:00:00,21.81306436346741,0.5447912025252699,1,169.48351586941598
2026-02-05 13:00:00,30.94508265553776,0.8454243271934965,1,190.96665537824467
2026-02-05 14:00:00,32.102521239949276,0.4016872426337855,1,184.88529334795888
2026-02-05 15:00:00,22.14626853125262,0.25638543382216944,0,105.48777780265765
2026-02-05 16:00:00,20.838222134478855,0.7408126182977027,1,180.24630264231098
2026-02-05 17:00:00,27.35707778193202,0.8433803914372736,1,175.2762813939204
2026-02-05 18:00:00,22.238884778595143,0.19057373067118,1,144.88184710306086
2026-02-05 19:00:00,28.164659088777555,0.31588670148035025,1,174.74899474101
2026-02-05 20:00:00,26.0146151042565,0.22777479078489452,1,162.79181389952294
2026-02-05 21:00:00,17.42127942501384,0.41314727042394994,0,139.2314172649528
2026-02-05 22:00:00,32.737526006650306,0.5053158810148713,1,195.18822603094404
2026-02-05 23:00:00,33.97938836547761,0.7739437032669758,0,157.67474707045884
2026-02-06 00:00:00,21.93605654757807,0.6860328263935067,1,183.7534739206791
2026-02-06 01:00:00,23.061492200320078,0.658835710730588,0,131.13042104049316
2026-02-06 02:00:00,26.429326953624525,0.417137451948689,0,114.31907996987206
2026-02-06 03:00:00,26.672283949935125,0.8573027977762839,1,182.23500395882056
2026-02-06 04:00:00,28.29272136336415,0.5241584506583481,0,122.0221944027974
2026-02-06 05:00:00,35.05102269383175,0.9811944442136391,1,223.2637347279899
2026-02-06 06:00:00,24.11526386252975,0.6707279244661631,1,168.4540999056395
2026-02-06 07:00:00,21.00851377730773,0.21363826740805247,0,115.03476898907246
2026-02-06 08:00:00,18.103403859927365,0.7085598058678906,1,192.7655747419519
2026-02-06 09:00:00,21.345349800290403,0.3925936138885291,1,167.36277607059938
2026-02-06 10:00:00,24.834365135631014,0.7176944770174877,1,171.08755397712633
2026-02-06 11:00:00,33.97278931758894,0.16267703334616518,0,144.73139257997676
2026-02-06 12:00:00,22.411943504819142,0.2573932934583635,0,111.33210946736223
2026-02-06 13:00:00,26.118939758194493,0.8701635330152077,0,121.4278937497074
2026-02-06 14:00:00,24.91788551963624,0.3044616013211634,0,105.55213868793791
2026-02-06 15:00:00,30.94196636724042,0.853337012718646,0,136.83067120776767
2026-02-06 16:00:00,37.63466212936811,0.3513484796089694,1,245.24687569834444
2026-02-06 17:00:00,22.345656135398396,0.6785937190528368,1,163.35234753815757
2026-02-06 18:00:00,22.55280278740889,0.7247355161588479,1,180.5044043000069
2026-02-06 19:00:00,30.22080438534536,0.5613892778305477,1,187.40182453625133
2026-02-06 20:00:00,28.40945744813156,0.3747796090270582,0,115.54468538120852
2026-02-06 21:00:00,34.23353662868017,0.2913799387339865,0,138.3548120594723
2026-02-06 22:00:00,27.919640926629818,0.1298704191061836,0,106.35171133357497
2026-02-06 23:00:00,23.203539546064704,0.37355176111665145,0,112.49926710833216
2026-02-07 00:00:00,27.953274153461546,0.6878465114781547,1,169.94331835745206
2026-02-07 01:00:00,30.543517902914537,0.9444743366036344,1,191.1234334990348
2026-02-07 02:00:00,29.102410905986822,0.8840840340367468,0,142.58838463619895
2026-02-07 03:00:00,27.53637015553649,0.7894582988817723,0,130.22497156090998
2026-02-07 04:00:00,30.333373447945768,0.8096026089279688,1,183.88769386357504
2026-02-07 05:00:00,30.846477952228362,0.6984864131283958,1,180.0572487688209
2026-02-07 06:00:00,31.910794955187637,0.3342581718094027,0,132.27220202255666
2026-02-07 07:00:00,28.243549437948214,0.9164755276352469,1,181.6872884105123
2026-02-07 08:00:00,24.164409598415727,0.7036590807152506,1,173.939874017884
2026-02-07 09:00:00,25.733568432166614,0.6043965678823959,0,115.72437479596928
2026-02-07 10:00:00,31.032544832541785,0.19989052229213297,0,126.75001212388658
2026-02-07 11:00:00,20.91532164506382,0.5023499894257829,1,183.08856851471668
2026-02-07 12:00:00,26.843366544364507,0.5143224440817337,1,171.20617854311448
2026-02-07 13:00:00,23.033305938363196,0.878107248570403,1,178.03671768649696
2026-02-07 14:00:00,25.143724114674086,0.5919833981690097,0,116.85407790037323
2026-02-07 15:00:00,31.392259313036494,0.44236049407336875,0,131.9179387138526
2026-02-07 16:00:00,25.955495340099517,0.9791202956595934,1,185.73329910452446
2026-02-07 17:00:00,25.232182740780743,0.1996485339936841,1,152.87984320261222
2026-02-07 18:00:00,18.200719295100406,0.4802935854807502,0,137.7500301614324
2026-02-07 19:00:00,28.731267830136105,0.13782220765426478,1,161.35183554913766
2026-02-07 20:00:00,28.227420905705376,0.7659137086902373,1,175.6766131479415
2026-02-07 21:00:00,35.8162736165273,0.9262688969792355,1,229.42162664374882
2026-02-07 22:00:00,23.461108825234994,0.35203359659544053,1,163.35997343983638
2026-02-07 23:00:00,26.095751638319694,0.8725075091192088,1,176.4705412407395
2026-02-08 00:00:00,26.246918418553776,0.36299640741570804,1,164.1684973409184
2026-02-08 01:00:00,32.887266398817374,0.9196931454795237,1,206.02727845514667
2026-02-08 02:00:00,24.523522338065238,0.7785657132371055,0,129.57459337233982
2026-02-08 03:00:00,26.395107628851697,0.8244160991572947,1,171.3217767166997
2026-02-08 04:00:00,28.039482548582697,0.11620590004040905,0,116.6656055028711
2026-02-08 05:00:00,25.93304561578179,0.9665293213666234,1,170.6929841524222
2026-02-08 06:00:00,22.767831927247357,0.754003892863291,0,127.28525426119131
2026-02-08 07:00:00,25.97044996449154,0.37427598584752,0,114.07631955484953
2026-02-08 08:00:00,30.36815874929886,0.8464551983729622,0,135.82443479032142
2026-02-08 09:00:00,19.8674235029447,0.353369078573437,0,125.8947127955704
2026-02-08 10:00:00,25.66484837073438,0.8854784556095151,1,183.18295869512033
2026-02-08 11:00:00,21.499395925304135,0.20132235137074334,1,151.0826907882406
2026-02-08 12:00:00,30.975233144624212,0.7333173797147162,1,192.36495099520343
2026-02-08 13:00:00,17.384065476081126,0.5866286289804193,0,134.1337341040719
2026-02-08 14:00:00,22.205390763642058,0.18688102317589672,0,104.68302706962942
2026-02-08 15:00:00,26.886059375322603,0.31770444543295506,0,119.45557517111452
2026-02-08 16:00:00,32.827620146171704,0.11116363264958332,0,131.06181738890376
2026-02-08 17:00:00,24.67124869463506,0.5218911689180553,1,159.84137395588638
2026-02-08 18:00:00,22.22400236653401,0.3711387346840004,0,113.997554826101
2026-02-08 19:00:00,34.40578534720295,0.6385217358679829,0,173.72958276568608
2026-02-08 20:00:00,17.75993049791878,0.3675140269377555,0,128.07631276958583
2026-02-08 21:00:00,14.005970216899591,0.36992720035628623,0,166.27561188834127
2026-02-08 22:00:00,27.20007225026666,0.768873878858443,1,182.97353373484813
2026-02-08 23:00:00,22.489728878236946,0.14332855238051811,1,166.73909884148298
2026-02-09 00:00:00,19.893835914346433,0.9126054956727885,0,139.8974645835414
2026-02-09 01:00:00,28.541782236496765,0.8670374869520633,0,126.0879718013107
2026-02-09 02:00:00,26.219003568855996,0.7010242149037659,0,132.2529288066006
2026-02-09 03:00:00,22.179606846316357,0.6338994130966459,0,130.96650312231813
2026-02-09 04:00:00,18.59847800664553,0.903072248325687,0,150.97664430428227
2026-02-09 05:00:00,29.362286641400722,0.266797161575843,1,163.45667547345977
2026-02-09 06:00:00,28.251005889793305,0.17107224597174575,1,160.17154032269758
2026-02-09 07:00:00,24.504120681103085,0.3155591529185843,1,158.7879223317882
2026-02-09 08:00:00,34.23318498023833,0.8151204508301713,1,218.73372248763235
2026-02-09 09:00:00,19.649576168369236,0.131203240053835,1,175.50462198131294
2026-02-09 10:00:00,17.372374145376305,0.6245261515751407,1,202.22320784200315
2026-02-09 11:00:00,21.540459650593778,0.9958937645721789,1,180.47414226682645
2026-02-09 12:00:00,24.77206991822251,0.8701264844537855,1,183.01225284480083
2026-02-09 13:00:00,26.21669724661346,0.5693011201392305,0,119.38487039920108
2026-02-09 14:00:00,23.79381971071835,0.15727681835797813,1,158.88106897515968
2026-02-09 15:00:00,26.760276982571483,0.8482361629471389,1,184.32907671249265
2026-02-09 16:00:00,18.74230287904778,0.6390806573594895,1,183.19390510200378
2026-02-09 17:00:00,32.2188230203663,0.20343969735361017,1,181.97976592676122
2026-02-09 18:00:00,24.589244108037157,0.18447155634102058,1,152.96123413482565
2026-02-09 19:00:00,30.586479157940637,0.9186641374929332,0,135.32500168901328
2026-02-09 20:00:00,26.71362673188852,0.7022802366442706,1,174.2702152754742
2026-02-09 21:00:00,27.283766095768918,0.84635811938508,0,140.55632012956633
2026-02-09 22:00:00,27.84883640116102,0.8910810102540406,0,121.58997600538248
2026-02-09 23:00:00,27.238542800086574,0.61459511684349,0,120.78198738396708
2026-02-10 00:00:00,28.21361379933772,0.5657017165795372,1,175.33742299840688
2026-02-10 01:00:00,31.645762650662157,0.48738466928889124,0,137.3200116914157
2026-02-10 02:00:00,25.98260584850735,0.38525192901200733,0,111.47467473454195
2026-02-10 03:00:00,28.54501878794256,0.4911363647728406,1,164.52158822938898
2026-02-10 04:00:00,24.551321528563868,0.7964916901571407,0,125.15934060478017
2026-02-10 05:00:00,32.200586077247365,0.6417310879136184,1,191.39233268025322
2026-02-10 06:00:00,21.61803848970365,0.9032709609593614,1,171.86735213245106
2026-02-10 07:00:00,34.004702164554075,0.49904201294126893,0,161.48655202696915
2026-02-10 08:00:00,24.799210246778284,0.6463806208468786,1,174.203505987116
2026-02-10 09:00:00,17.84612448940976,0.6681767977827898,0,145.89257622825048
2026-02-10 10:00:00,25.640522074553946,0.632527446075693,1,170.32633108729473
2026-02-10 11:00:00,21.594741712625595,0.7323703957769647,1,183.14059393875277
2026-02-10 12:00:00,29.203217744943622,0.3136901215373257,1,169.36592163571467
2026-02-10 13:00:00,21.736880103488044,0.5611273997912116,1,176.67788549704906
2026-02-10 14:00:00,22.769082833926102,0.1938023225275129,0,106.81515437239773
2026-02-10 15:00:00,15.552296345272346,0.44606019488033133,0,164.57127671305682
2026-02-10 16:00:00,22.738468403754617,0.538900361759138,1,170.32820206284566
2026-02-10 17:00:00,12.880603366855217,0.6870018335909253,1,245.02020210149772
2026-02-10 18:00:00,17.080485882571384,0.9554779473275832,1,203.6733849043429
2026-02-10 19:00:00,28.802073280721487,0.6405859598935203,1,177.88023868430227
2026-02-10 20:00:00,28.92900079325416,0.7692345245589038,1,176.63578476599076
2026-02-10 21:00:00,27.127287808924823,0.5556394535456824,1,165.74044668472808
2026-02-10 22:00:00,20.165119284353935,0.6706936282386982,0,127.73196647284345
2026-02-10 23:00:00,24.7614432192901,0.16383899452039608,1,149.61244984492708
2026-02-11 00:00:00,24.981987304547157,0.3289524227576623,1,170.49259192641344
2026-02-11 01:00:00,19.208176554037287,0.4256677838846249,0,136.19933824108247
2026-02-11 02:00:00,32.51699150883575,0.5252440195058622,1,203.61173876785156
2026-02-11 03:00:00,29.386811452878355,0.14108387095214536,1,157.7400983923389
2026-02-11 04:00:00,23.89517913085168,0.22602168779798593,1,157.74723395994687
2026-02-11 05:00:00,25.134429194972654,0.3491328770121752,0,104.0154837885753
2026-02-11 06:00:00,26.04191403973776,0.9743794218109456,0,126.29570070144436
2026-02-11 07:00:00,14.791325657878547,0.39821230639274574,1,209.46425018644393
2026-02-11 08:00:00,23.764113087397014,0.5338369523008742,1,172.9767368316057
2026-02-11 09:00:00,21.590078760011007,0.2764879414645537,0,112.12727128489186
2026-02-11 10:00:00,19.991899950525422,0.6497020639681914,0,137.37349164028944
2026-02-11 11:00:00,23.594498535570224,0.35261489396437684,1,164.58676845013102
2026-02-11 12:00:00,33.988432634247616,0.2862933205945841,0,160.50295398856525
2026-02-11 13:00:00,28.20421430633505,0.5649153656013812,1,164.68373451280394
2026-02-11 14:00:00,22.144105051086015,0.10495521924437874,1,163.52289075588158
2026-02-11 15:00:00,27.862913906780793,0.1068976293843028,0,113.03727125235214
